{"cameraMode":{"drawMode":0,"name":"Shaded","section":"Shading Mode"},"sceneLighting":false,"audioPlay":false,"sceneViewState":{"showFog":true,"showMaterialUpdate":false,"showSkybox":false,"showFlares":true,"showImageEffects":true,"showParticleSystems":true,"showVisualEffectGraphs":true,"m_FxEnabled":true},"in2DMode":false,"pivot":{"x":-1.1920928955078126e-7,"y":0.8600746989250183,"z":-0.024949967861175538},"rotation":{"x":-0.027534766122698785,"y":-0.9721702933311462,"z":0.17570851743221284,"w":-0.15229444205760957},"size":1.4198508262634278,"orthographic":false}