{"cameraMode":{"drawMode":0,"name":"Shaded","section":"Shading Mode"},"sceneLighting":false,"audioPlay":false,"sceneViewState":{"showFog":true,"showMaterialUpdate":false,"showSkybox":false,"showFlares":true,"showImageEffects":true,"showParticleSystems":true,"showVisualEffectGraphs":true,"m_FxEnabled":true},"in2DMode":false,"pivot":{"x":-0.3495718240737915,"y":0.8921780586242676,"z":-6.559004783630371},"rotation":{"x":-0.009181823581457138,"y":-0.9753579497337341,"z":0.04128836840391159,"w":-0.21646127104759217},"size":1.4751547574996949,"orthographic":false}