{"cameraMode":{"drawMode":0,"name":"Shaded","section":"Shading Mode"},"sceneLighting":true,"audioPlay":false,"sceneViewState":{"showFog":true,"showMaterialUpdate":false,"showSkybox":true,"showFlares":true,"showImageEffects":true,"showParticleSystems":true,"showVisualEffectGraphs":true,"m_FxEnabled":true},"in2DMode":false,"pivot":{"x":1.4591121673583985,"y":-12.443259239196778,"z":-26.265398025512697},"rotation":{"x":0.005348722450435162,"y":0.9720509052276611,"z":-0.23356421291828156,"w":0.02216109074652195},"size":16.006752014160158,"orthographic":false}