{"cameraMode":{"drawMode":0,"name":"Shaded","section":"Shading Mode"},"sceneLighting":true,"audioPlay":false,"sceneViewState":{"showFog":true,"showMaterialUpdate":false,"showSkybox":true,"showFlares":true,"showImageEffects":true,"showParticleSystems":true,"showVisualEffectGraphs":true,"m_FxEnabled":true},"in2DMode":false,"pivot":{"x":2.4655351638793947,"y":-1.6861720085144044,"z":-0.6070083379745483},"rotation":{"x":0.16704224050045014,"y":0.19672290980815888,"z":-0.034012649208307269,"w":0.965503454208374},"size":5.388615608215332,"orthographic":false}