{"cameraMode":{"drawMode":0,"name":"Shaded","section":"Shading Mode"},"sceneLighting":true,"audioPlay":false,"sceneViewState":{"showFog":true,"showMaterialUpdate":false,"showSkybox":true,"showFlares":true,"showImageEffects":true,"showParticleSystems":true,"showVisualEffectGraphs":true,"m_FxEnabled":true},"in2DMode":false,"pivot":{"x":471.6226501464844,"y":153.57211303710938,"z":254.279541015625},"rotation":{"x":-0.06476075947284699,"y":0.006582206580787897,"z":-0.0004296598781365901,"w":-0.9978505969047546},"size":327.5039367675781,"orthographic":false}