{"cameraMode":{"drawMode":0,"name":"Shaded","section":"Shading Mode"},"sceneLighting":true,"audioPlay":false,"sceneViewState":{"showFog":true,"showMaterialUpdate":false,"showSkybox":true,"showFlares":true,"showImageEffects":true,"showParticleSystems":true,"showVisualEffectGraphs":true,"m_FxEnabled":true},"in2DMode":false,"pivot":{"x":0.9716393947601318,"y":0.2539709806442261,"z":0.6906006932258606},"rotation":{"x":0.10464628040790558,"y":0.8214032649993897,"z":-0.1599283665418625,"w":0.5373308062553406},"size":0.8886153101921082,"orthographic":false}