{"cameraMode":{"drawMode":0,"name":"Shaded","section":"Shading Mode"},"sceneLighting":false,"audioPlay":false,"sceneViewState":{"showFog":true,"showMaterialUpdate":false,"showSkybox":false,"showFlares":true,"showImageEffects":true,"showParticleSystems":true,"showVisualEffectGraphs":true,"m_FxEnabled":true},"in2DMode":false,"pivot":{"x":0.9698527455329895,"y":0.7691081762313843,"z":-7.703268051147461},"rotation":{"x":-0.009181823581457138,"y":-0.9753579497337341,"z":0.04128836840391159,"w":-0.21646127104759217},"size":0.9477935433387756,"orthographic":false}