{"cameraMode":{"drawMode":0,"name":"Shaded","section":"Shading Mode"},"sceneLighting":false,"audioPlay":false,"sceneViewState":{"showFog":true,"showMaterialUpdate":false,"showSkybox":false,"showFlares":true,"showImageEffects":true,"showParticleSystems":true,"showVisualEffectGraphs":true,"m_FxEnabled":true},"in2DMode":false,"pivot":{"x":-2.8778305053710939,"y":0.43013644218444826,"z":-7.548439979553223},"rotation":{"x":-0.009181823581457138,"y":-0.9753579497337341,"z":0.04128836840391159,"w":-0.21646127104759217},"size":2.1568589210510256,"orthographic":false}