{"cameraMode":{"drawMode":0,"name":"Shaded","section":"Shading Mode"},"sceneLighting":false,"audioPlay":false,"sceneViewState":{"showFog":true,"showMaterialUpdate":false,"showSkybox":false,"showFlares":true,"showImageEffects":true,"showParticleSystems":true,"showVisualEffectGraphs":true,"m_FxEnabled":true},"in2DMode":false,"pivot":{"x":-0.7896389961242676,"y":1.2281039953231812,"z":-7.773172378540039},"rotation":{"x":-0.00036123458994552493,"y":-0.9989557266235352,"z":0.007801337167620659,"w":-0.04437544196844101},"size":0.8192865252494812,"orthographic":false}