{"cameraMode":{"drawMode":0,"name":"Shaded","section":"Shading Mode"},"sceneLighting":false,"audioPlay":false,"sceneViewState":{"showFog":true,"showMaterialUpdate":false,"showSkybox":false,"showFlares":true,"showImageEffects":true,"showParticleSystems":true,"showVisualEffectGraphs":true,"m_FxEnabled":true},"in2DMode":false,"pivot":{"x":-1.7422881126403809,"y":0.46157586574554446,"z":-7.457155227661133},"rotation":{"x":-0.009181823581457138,"y":-0.9753579497337341,"z":0.04128836840391159,"w":-0.21646127104759217},"size":0.6442159414291382,"orthographic":false}