{"cameraMode":{"drawMode":0,"name":"Shaded","section":"Shading Mode"},"sceneLighting":false,"audioPlay":false,"sceneViewState":{"showFog":true,"showMaterialUpdate":false,"showSkybox":false,"showFlares":true,"showImageEffects":true,"showParticleSystems":true,"showVisualEffectGraphs":true,"m_FxEnabled":true},"in2DMode":false,"pivot":{"x":0.05369597673416138,"y":0.846066415309906,"z":-6.890464782714844},"rotation":{"x":-0.0006029825308360159,"y":-0.9457249641418457,"z":0.001706498209387064,"w":-0.32487791776657107},"size":1.1192865371704102,"orthographic":false}