{"cameraMode":{"drawMode":0,"name":"Shaded","section":"Shading Mode"},"sceneLighting":false,"audioPlay":false,"sceneViewState":{"showFog":true,"showMaterialUpdate":false,"showSkybox":false,"showFlares":true,"showImageEffects":true,"showParticleSystems":true,"showVisualEffectGraphs":true,"m_FxEnabled":true},"in2DMode":false,"pivot":{"x":178.23023986816407,"y":337.5563659667969,"z":32.459991455078128},"rotation":{"x":-0.01830662414431572,"y":-0.014400118961930275,"z":0.0002482996787875891,"w":-0.9996976852416992},"size":71.14210510253906,"orthographic":false}