{"cameraMode":{"drawMode":0,"name":"Shaded","section":"Shading Mode"},"sceneLighting":false,"audioPlay":false,"sceneViewState":{"showFog":true,"showMaterialUpdate":false,"showSkybox":false,"showFlares":true,"showImageEffects":true,"showParticleSystems":true,"showVisualEffectGraphs":true,"m_FxEnabled":true},"in2DMode":false,"pivot":{"x":-0.003907561302185059,"y":1.2642370462417603,"z":-0.08152914047241211},"rotation":{"x":-0.027534766122698785,"y":-0.9721702933311462,"z":0.17570851743221284,"w":-0.15229444205760957},"size":0.5400997400283814,"orthographic":false}