{"cameraMode":{"drawMode":0,"name":"Shaded","section":"Shading Mode"},"sceneLighting":false,"audioPlay":false,"sceneViewState":{"showFog":true,"showMaterialUpdate":false,"showSkybox":false,"showFlares":true,"showImageEffects":true,"showParticleSystems":true,"showVisualEffectGraphs":true,"m_FxEnabled":true},"in2DMode":false,"pivot":{"x":127.57998657226563,"y":17.216333389282228,"z":3.8931732177734377},"rotation":{"x":-0.06476075947284699,"y":0.006582206580787897,"z":-0.0004296598781365901,"w":-0.9978505969047546},"size":86.06477355957031,"orthographic":false}