{"cameraMode":{"drawMode":0,"name":"Shaded","section":"Shading Mode"},"sceneLighting":false,"audioPlay":false,"sceneViewState":{"showFog":true,"showMaterialUpdate":false,"showSkybox":false,"showFlares":true,"showImageEffects":true,"showParticleSystems":true,"showVisualEffectGraphs":true,"m_FxEnabled":true},"in2DMode":false,"pivot":{"x":0.00015892833471298218,"y":0.0299530029296875,"z":0.0022780150175094606},"rotation":{"x":0.038388364017009738,"y":0.9042860865592957,"z":-0.0832536444067955,"w":0.41689860820770266},"size":0.2054535299539566,"orthographic":false}