{"cameraMode":{"drawMode":0,"name":"Shaded","section":"Shading Mode"},"sceneLighting":false,"audioPlay":false,"sceneViewState":{"showFog":true,"showMaterialUpdate":false,"showSkybox":false,"showFlares":true,"showImageEffects":true,"showParticleSystems":true,"showVisualEffectGraphs":true,"m_FxEnabled":true},"in2DMode":false,"pivot":{"x":0.0024135708808898927,"y":0.46157586574554446,"z":-5.997260570526123},"rotation":{"x":-0.16779430210590363,"y":-0.6888427138328552,"z":0.16878831386566163,"w":-0.684707522392273},"size":0.6442159414291382,"orthographic":false}