{"cameraMode":{"drawMode":0,"name":"Shaded","section":"Shading Mode"},"sceneLighting":false,"audioPlay":false,"sceneViewState":{"showFog":true,"showMaterialUpdate":false,"showSkybox":false,"showFlares":true,"showImageEffects":true,"showParticleSystems":true,"showVisualEffectGraphs":true,"m_FxEnabled":true},"in2DMode":false,"pivot":{"x":-0.8012767434120178,"y":0.4459384083747864,"z":1.0986078977584839},"rotation":{"x":-0.0036189418751746418,"y":-0.9941181540489197,"z":0.10206379741430283,"w":-0.03519865870475769},"size":0.21492630243301392,"orthographic":false}