{"cameraMode":{"drawMode":0,"name":"Shaded","section":"Shading Mode"},"sceneLighting":false,"audioPlay":false,"sceneViewState":{"showFog":true,"showMaterialUpdate":false,"showSkybox":false,"showFlares":true,"showImageEffects":true,"showParticleSystems":true,"showVisualEffectGraphs":true,"m_FxEnabled":true},"in2DMode":false,"pivot":{"x":0.08996891975402832,"y":1.2472524642944337,"z":-0.14954835176467896},"rotation":{"x":-0.027534766122698785,"y":-0.9721702933311462,"z":0.17570851743221284,"w":-0.15229444205760957},"size":0.8149263262748718,"orthographic":false}