{"cameraMode":{"drawMode":0,"name":"Shaded","section":"Shading Mode"},"sceneLighting":false,"audioPlay":false,"sceneViewState":{"showFog":true,"showMaterialUpdate":false,"showSkybox":false,"showFlares":true,"showImageEffects":true,"showParticleSystems":true,"showVisualEffectGraphs":true,"m_FxEnabled":true},"in2DMode":false,"pivot":{"x":-0.12246894836425781,"y":0.597638726234436,"z":-4.006773948669434},"rotation":{"x":0.005348722450435162,"y":0.9720509052276611,"z":-0.23356421291828156,"w":0.02216109074652195},"size":1.3379900455474854,"orthographic":false}