{"cameraMode":{"drawMode":0,"name":"Shaded","section":"Shading Mode"},"sceneLighting":false,"audioPlay":false,"sceneViewState":{"showFog":true,"showMaterialUpdate":false,"showSkybox":false,"showFlares":true,"showImageEffects":true,"showParticleSystems":true,"showVisualEffectGraphs":true,"m_FxEnabled":true},"in2DMode":false,"pivot":{"x":3.055162191390991,"y":0.36726444959640505,"z":-7.194357395172119},"rotation":{"x":0.009230016730725766,"y":0.9751603007316589,"z":-0.04127725586295128,"w":0.21734724938869477},"size":5.537990570068359,"orthographic":false}