{"cameraMode":{"drawMode":0,"name":"Shaded","section":"Shading Mode"},"sceneLighting":false,"audioPlay":false,"sceneViewState":{"showFog":true,"showMaterialUpdate":false,"showSkybox":false,"showFlares":true,"showImageEffects":true,"showParticleSystems":true,"showVisualEffectGraphs":true,"m_FxEnabled":true},"in2DMode":false,"pivot":{"x":2.4891912937164308,"y":0.6938621997833252,"z":-7.6565070152282719},"rotation":{"x":-0.009181823581457138,"y":-0.9753579497337341,"z":0.04128836840391159,"w":-0.21646127104759217},"size":1.2928557395935059,"orthographic":false}